{
  "avg": {
    "5": [
      "13240.303",
      "14040.303",
      "16440.303",
      "2022.000001"
    ]
  },
  "workflows": {
    "13240.303": [
      5
    ],
    "14040.303": [
      5
    ],
    "16440.303": [
      5
    ],
    "2022.000001": [
      5
    ]
  }
}
