{
  "avg": {
    "5": [
      "13240.303",
      "2024.100001",
      "14040.303",
      "2024.001001"
    ],
    "92": [
      "124.2"
    ]
  },
  "workflows": {
    "124.2": [
      92
    ],
    "13240.303": [
      5
    ],
    "14040.303": [
      5
    ],
    "2024.001001": [
      5
    ],
    "2024.100001": [
      5
    ]
  }
}
