{
  "avg": {
    "5": [
      "2024.000001",
      "16440.303",
      "14040.303",
      "13240.303",
      "2023.000001",
      "2024.302001",
      "2024.203001",
      "2022.002001",
      "2023.001001",
      "2023.002001"
    ],
    "292": [
      "2500.225"
    ]
  },
  "workflows": {
    "13240.303": [
      5
    ],
    "14040.303": [
      5
    ],
    "16440.303": [
      5
    ],
    "2022.002001": [
      5
    ],
    "2023.000001": [
      5
    ],
    "2023.001001": [
      5
    ],
    "2023.002001": [
      5
    ],
    "2024.000001": [
      5
    ],
    "2024.203001": [
      5
    ],
    "2024.302001": [
      5
    ],
    "2500.225": [
      292
    ]
  }
}
