{
  "avg": {
    "13": [
      "29661.402",
      "29634.403",
      "29634.406"
    ],
    "14": [
      "29834.402",
      "29634.402",
      "29634.704"
    ],
    "15": [
      "29834.403"
    ],
    "20": [
      "29661.751"
    ],
    "26": [
      "29834.704"
    ],
    "446": [
      "160.03502"
    ]
  },
  "workflows": {
    "160.03502": [
      446
    ],
    "29634.402": [
      14
    ],
    "29634.403": [
      13
    ],
    "29634.406": [
      13
    ],
    "29634.704": [
      14
    ],
    "29661.402": [
      13
    ],
    "29661.751": [
      20
    ],
    "29834.402": [
      14
    ],
    "29834.403": [
      15
    ],
    "29834.704": [
      26
    ]
  }
}
