{
  "avg": {
    "12": [
      "29661.402",
      "29634.704",
      "29634.406",
      "29634.403"
    ],
    "13": [
      "29634.402",
      "29634.404"
    ],
    "14": [
      "29834.704",
      "29834.402"
    ],
    "18": [
      "29834.403",
      "29834.404",
      "29661.751",
      "29634.751"
    ],
    "22": [
      "29834.751"
    ],
    "474": [
      "160.03502"
    ]
  },
  "workflows": {
    "160.03502": [
      474
    ],
    "29634.402": [
      13
    ],
    "29634.403": [
      12
    ],
    "29634.404": [
      13
    ],
    "29634.406": [
      12
    ],
    "29634.704": [
      12
    ],
    "29634.751": [
      18
    ],
    "29661.402": [
      12
    ],
    "29661.751": [
      18
    ],
    "29834.402": [
      14
    ],
    "29834.403": [
      18
    ],
    "29834.404": [
      18
    ],
    "29834.704": [
      14
    ],
    "29834.751": [
      22
    ]
  }
}
