{
  "avg": {
    "12": [
      "29634.406",
      "29634.402",
      "29661.402"
    ],
    "13": [
      "29834.403",
      "29834.402",
      "29834.404"
    ],
    "18": [
      "29634.403"
    ],
    "19": [
      "29661.751"
    ],
    "21": [
      "29634.751"
    ],
    "22": [
      "29634.404"
    ],
    "25": [
      "29834.704",
      "29834.751"
    ],
    "28": [
      "29634.704"
    ],
    "211": [
      "141.044408"
    ]
  },
  "workflows": {
    "141.044408": [
      211
    ],
    "29634.402": [
      12
    ],
    "29634.403": [
      18
    ],
    "29634.404": [
      22
    ],
    "29634.406": [
      12
    ],
    "29634.704": [
      28
    ],
    "29634.751": [
      21
    ],
    "29661.402": [
      12
    ],
    "29661.751": [
      19
    ],
    "29834.402": [
      13
    ],
    "29834.403": [
      13
    ],
    "29834.404": [
      13
    ],
    "29834.704": [
      25
    ],
    "29834.751": [
      25
    ]
  }
}
