{
  "avg": {
    "13": [
      "29634.402"
    ],
    "14": [
      "29834.403",
      "29834.704",
      "29834.404",
      "29634.704",
      "29634.406",
      "29661.402",
      "29634.404"
    ],
    "15": [
      "29634.403",
      "16850.403",
      "16834.407",
      "16834.402",
      "16850.406",
      "16834.422",
      "16861.402",
      "16834.424",
      "16834.404",
      "16850.408",
      "16834.408",
      "16850.404"
    ],
    "16": [
      "17034.412",
      "17034.422",
      "17034.403",
      "17034.407",
      "17034.406",
      "17050.402",
      "17034.408",
      "17034.424",
      "17050.408",
      "17034.404",
      "17050.404",
      "16834.412",
      "16834.403",
      "16850.402",
      "16850.407",
      "16834.406",
      "16834.413",
      "16834.423"
    ],
    "17": [
      "17034.423",
      "17034.413",
      "17050.403",
      "17050.407",
      "17034.402",
      "17061.402",
      "17050.406"
    ],
    "19": [
      "29634.751"
    ],
    "20": [
      "29661.751"
    ],
    "23": [
      "29834.402"
    ],
    "24": [
      "141.044483"
    ],
    "25": [
      "29834.751"
    ],
    "35": [
      "141.044414",
      "141.044424"
    ],
    "42": [
      "141.044408"
    ],
    "44": [
      "141.044412"
    ],
    "46": [
      "141.044407",
      "141.044423",
      "141.044413",
      "141.044422"
    ],
    "52": [
      "141.044406"
    ],
    "53": [
      "29634.612"
    ],
    "412": [
      "160.03502"
    ]
  },
  "workflows": {
    "141.044406": [
      52
    ],
    "141.044407": [
      46
    ],
    "141.044408": [
      42
    ],
    "141.044412": [
      44
    ],
    "141.044413": [
      46
    ],
    "141.044414": [
      35
    ],
    "141.044422": [
      46
    ],
    "141.044423": [
      46
    ],
    "141.044424": [
      35
    ],
    "141.044483": [
      24
    ],
    "160.03502": [
      412
    ],
    "16834.402": [
      15
    ],
    "16834.403": [
      16
    ],
    "16834.404": [
      15
    ],
    "16834.406": [
      16
    ],
    "16834.407": [
      15
    ],
    "16834.408": [
      15
    ],
    "16834.412": [
      16
    ],
    "16834.413": [
      16
    ],
    "16834.422": [
      15
    ],
    "16834.423": [
      16
    ],
    "16834.424": [
      15
    ],
    "16850.402": [
      16
    ],
    "16850.403": [
      15
    ],
    "16850.404": [
      15
    ],
    "16850.406": [
      15
    ],
    "16850.407": [
      16
    ],
    "16850.408": [
      15
    ],
    "16861.402": [
      15
    ],
    "17034.402": [
      17
    ],
    "17034.403": [
      16
    ],
    "17034.404": [
      16
    ],
    "17034.406": [
      16
    ],
    "17034.407": [
      16
    ],
    "17034.408": [
      16
    ],
    "17034.412": [
      16
    ],
    "17034.413": [
      17
    ],
    "17034.422": [
      16
    ],
    "17034.423": [
      17
    ],
    "17034.424": [
      16
    ],
    "17050.402": [
      16
    ],
    "17050.403": [
      17
    ],
    "17050.404": [
      16
    ],
    "17050.406": [
      17
    ],
    "17050.407": [
      17
    ],
    "17050.408": [
      16
    ],
    "17061.402": [
      17
    ],
    "29634.402": [
      13
    ],
    "29634.403": [
      15
    ],
    "29634.404": [
      14
    ],
    "29634.406": [
      14
    ],
    "29634.612": [
      53
    ],
    "29634.704": [
      14
    ],
    "29634.751": [
      19
    ],
    "29661.402": [
      14
    ],
    "29661.751": [
      20
    ],
    "29834.402": [
      23
    ],
    "29834.403": [
      14
    ],
    "29834.404": [
      14
    ],
    "29834.704": [
      14
    ],
    "29834.751": [
      25
    ]
  }
}
