{
  "avg": {
    "12": [
      "29634.406"
    ],
    "13": [
      "29834.402",
      "29834.404",
      "29634.704",
      "29634.402",
      "29661.402"
    ],
    "14": [
      "29834.403",
      "29634.403"
    ],
    "15": [
      "29634.404"
    ],
    "18": [
      "29634.751",
      "29661.751"
    ],
    "19": [
      "29834.704"
    ],
    "23": [
      "29834.751"
    ],
    "90": [
      "141.044408"
    ]
  },
  "workflows": {
    "141.044408": [
      90
    ],
    "29634.402": [
      13
    ],
    "29634.403": [
      14
    ],
    "29634.404": [
      15
    ],
    "29634.406": [
      12
    ],
    "29634.704": [
      13
    ],
    "29634.751": [
      18
    ],
    "29661.402": [
      13
    ],
    "29661.751": [
      18
    ],
    "29834.402": [
      13
    ],
    "29834.403": [
      14
    ],
    "29834.404": [
      13
    ],
    "29834.704": [
      19
    ],
    "29834.751": [
      23
    ]
  }
}
