{
  "avg": {
    "5": [
      "13240.303",
      "14040.303",
      "2024.001001"
    ],
    "82": [
      "181.1",
      "180.1"
    ]
  },
  "workflows": {
    "13240.303": [
      5
    ],
    "14040.303": [
      5
    ],
    "180.1": [
      82
    ],
    "181.1": [
      82
    ],
    "2024.001001": [
      5
    ]
  }
}
