{
  "avg": {
    "14": [
      "29634.704",
      "29634.406",
      "29634.404",
      "29634.402"
    ],
    "15": [
      "29634.403",
      "29661.402",
      "29834.402",
      "29834.403",
      "16834.404",
      "29834.404",
      "16850.404",
      "16850.408",
      "16834.408"
    ],
    "16": [
      "16834.402",
      "16850.403",
      "16834.403",
      "16850.406",
      "16850.407",
      "16834.422",
      "16861.402",
      "16834.423",
      "16834.407",
      "16834.413",
      "16850.402",
      "16834.424",
      "17034.408"
    ],
    "17": [
      "17034.402",
      "17034.422",
      "16834.412",
      "16834.406",
      "17034.413",
      "17050.402",
      "17034.403",
      "17050.407",
      "17061.402",
      "17034.407",
      "17034.423",
      "17034.406",
      "17034.412",
      "17050.404",
      "17034.424",
      "17050.408",
      "17034.404"
    ],
    "18": [
      "17050.406"
    ],
    "19": [
      "29634.751"
    ],
    "20": [
      "17050.403",
      "29834.704"
    ],
    "21": [
      "29834.751"
    ],
    "23": [
      "29661.751"
    ],
    "24": [
      "141.044483"
    ],
    "34": [
      "141.044414",
      "141.044424"
    ],
    "35": [
      "141.044408"
    ],
    "43": [
      "141.044423"
    ],
    "44": [
      "141.044422"
    ],
    "45": [
      "141.044407",
      "141.044413",
      "141.044406"
    ],
    "55": [
      "141.044412"
    ],
    "70": [
      "29634.612"
    ],
    "391": [
      "160.03502"
    ]
  },
  "workflows": {
    "141.044406": [
      45
    ],
    "141.044407": [
      45
    ],
    "141.044408": [
      35
    ],
    "141.044412": [
      55
    ],
    "141.044413": [
      45
    ],
    "141.044414": [
      34
    ],
    "141.044422": [
      44
    ],
    "141.044423": [
      43
    ],
    "141.044424": [
      34
    ],
    "141.044483": [
      24
    ],
    "160.03502": [
      391
    ],
    "16834.402": [
      16
    ],
    "16834.403": [
      16
    ],
    "16834.404": [
      15
    ],
    "16834.406": [
      17
    ],
    "16834.407": [
      16
    ],
    "16834.408": [
      15
    ],
    "16834.412": [
      17
    ],
    "16834.413": [
      16
    ],
    "16834.422": [
      16
    ],
    "16834.423": [
      16
    ],
    "16834.424": [
      16
    ],
    "16850.402": [
      16
    ],
    "16850.403": [
      16
    ],
    "16850.404": [
      15
    ],
    "16850.406": [
      16
    ],
    "16850.407": [
      16
    ],
    "16850.408": [
      15
    ],
    "16861.402": [
      16
    ],
    "17034.402": [
      17
    ],
    "17034.403": [
      17
    ],
    "17034.404": [
      17
    ],
    "17034.406": [
      17
    ],
    "17034.407": [
      17
    ],
    "17034.408": [
      16
    ],
    "17034.412": [
      17
    ],
    "17034.413": [
      17
    ],
    "17034.422": [
      17
    ],
    "17034.423": [
      17
    ],
    "17034.424": [
      17
    ],
    "17050.402": [
      17
    ],
    "17050.403": [
      20
    ],
    "17050.404": [
      17
    ],
    "17050.406": [
      18
    ],
    "17050.407": [
      17
    ],
    "17050.408": [
      17
    ],
    "17061.402": [
      17
    ],
    "29634.402": [
      14
    ],
    "29634.403": [
      15
    ],
    "29634.404": [
      14
    ],
    "29634.406": [
      14
    ],
    "29634.612": [
      70
    ],
    "29634.704": [
      14
    ],
    "29634.751": [
      19
    ],
    "29661.402": [
      15
    ],
    "29661.751": [
      23
    ],
    "29834.402": [
      15
    ],
    "29834.403": [
      15
    ],
    "29834.404": [
      15
    ],
    "29834.704": [
      20
    ],
    "29834.751": [
      21
    ]
  }
}
