{
  "avg": {
    "13": [
      "29634.403",
      "29634.406",
      "29634.402",
      "29661.402"
    ],
    "14": [
      "29834.403",
      "29834.402",
      "29834.404",
      "29634.404"
    ],
    "16": [
      "29634.704"
    ],
    "20": [
      "29634.751",
      "29661.751"
    ],
    "22": [
      "29834.704",
      "29834.751"
    ],
    "48": [
      "141.044408"
    ]
  },
  "workflows": {
    "141.044408": [
      48
    ],
    "29634.402": [
      13
    ],
    "29634.403": [
      13
    ],
    "29634.404": [
      14
    ],
    "29634.406": [
      13
    ],
    "29634.704": [
      16
    ],
    "29634.751": [
      20
    ],
    "29661.402": [
      13
    ],
    "29661.751": [
      20
    ],
    "29834.402": [
      14
    ],
    "29834.403": [
      14
    ],
    "29834.404": [
      14
    ],
    "29834.704": [
      22
    ],
    "29834.751": [
      22
    ]
  }
}
