{
  "avg": {
    "5": [
      "13240.303",
      "14040.303",
      "2024.101001"
    ],
    "70": [
      "1046.0"
    ],
    "126": [
      "1005.0"
    ]
  },
  "workflows": {
    "1005.0": [
      126
    ],
    "1046.0": [
      70
    ],
    "13240.303": [
      5
    ],
    "14040.303": [
      5
    ],
    "2024.101001": [
      5
    ]
  }
}
