{
  "avg": {
    "5": [
      "13240.303",
      "16440.303",
      "14040.303",
      "2023.001001",
      "2024.303001",
      "2024.000001",
      "2024.301001",
      "2024.001001"
    ],
    "2461": [
      "136.904"
    ],
    "3112": [
      "136.903"
    ]
  },
  "workflows": {
    "13240.303": [
      5
    ],
    "136.903": [
      3112
    ],
    "136.904": [
      2461
    ],
    "14040.303": [
      5
    ],
    "16440.303": [
      5
    ],
    "2023.001001": [
      5
    ],
    "2024.000001": [
      5
    ],
    "2024.001001": [
      5
    ],
    "2024.301001": [
      5
    ],
    "2024.303001": [
      5
    ]
  }
}
