{
  "avg": {
    "5": [
      "13240.303",
      "14040.303",
      "2024.101001"
    ]
  },
  "workflows": {
    "13240.303": [
      5
    ],
    "14040.303": [
      5
    ],
    "2024.101001": [
      5
    ]
  }
}
