{
  "avg": {
    "59": [
      "18434.407",
      "18434.408",
      "18450.408"
    ],
    "60": [
      "18434.406",
      "18434.402",
      "18450.402",
      "18434.423",
      "18434.404",
      "18450.404"
    ],
    "61": [
      "18450.403",
      "18450.407",
      "18450.406",
      "18461.402",
      "18434.412",
      "18434.422",
      "18434.424"
    ],
    "62": [
      "18434.403",
      "18434.413"
    ],
    "82": [
      "18650.403",
      "18634.406",
      "18661.402",
      "18650.406"
    ],
    "83": [
      "18634.412",
      "18634.413",
      "18634.402",
      "18634.424",
      "18650.404",
      "18650.408"
    ],
    "84": [
      "18634.422",
      "18634.423",
      "18634.407"
    ],
    "85": [
      "18650.402",
      "18650.407",
      "18634.404"
    ],
    "86": [
      "18634.408"
    ],
    "87": [
      "18634.403"
    ],
    "89": [
      "17034.402"
    ],
    "91": [
      "17034.406"
    ],
    "93": [
      "17034.412",
      "17034.403"
    ],
    "95": [
      "17034.422"
    ],
    "96": [
      "17034.423",
      "29634.404"
    ],
    "181": [
      "160.03502"
    ],
    "279": [
      "29834.404"
    ]
  },
  "workflows": {
    "160.03502": [
      181
    ],
    "17034.402": [
      89
    ],
    "17034.403": [
      93
    ],
    "17034.406": [
      91
    ],
    "17034.412": [
      93
    ],
    "17034.422": [
      95
    ],
    "17034.423": [
      96
    ],
    "18434.402": [
      60
    ],
    "18434.403": [
      62
    ],
    "18434.404": [
      60
    ],
    "18434.406": [
      60
    ],
    "18434.407": [
      59
    ],
    "18434.408": [
      59
    ],
    "18434.412": [
      61
    ],
    "18434.413": [
      62
    ],
    "18434.422": [
      61
    ],
    "18434.423": [
      60
    ],
    "18434.424": [
      61
    ],
    "18450.402": [
      60
    ],
    "18450.403": [
      61
    ],
    "18450.404": [
      60
    ],
    "18450.406": [
      61
    ],
    "18450.407": [
      61
    ],
    "18450.408": [
      59
    ],
    "18461.402": [
      61
    ],
    "18634.402": [
      83
    ],
    "18634.403": [
      87
    ],
    "18634.404": [
      85
    ],
    "18634.406": [
      82
    ],
    "18634.407": [
      84
    ],
    "18634.408": [
      86
    ],
    "18634.412": [
      83
    ],
    "18634.413": [
      83
    ],
    "18634.422": [
      84
    ],
    "18634.423": [
      84
    ],
    "18634.424": [
      83
    ],
    "18650.402": [
      85
    ],
    "18650.403": [
      82
    ],
    "18650.404": [
      83
    ],
    "18650.406": [
      82
    ],
    "18650.407": [
      85
    ],
    "18650.408": [
      83
    ],
    "18661.402": [
      82
    ],
    "29634.404": [
      96
    ],
    "29834.404": [
      279
    ]
  }
}
