{
  "avg": {
    "13": [
      "29634.406",
      "29634.402",
      "29661.402",
      "29634.404"
    ],
    "14": [
      "29834.402",
      "29834.404",
      "29634.403"
    ],
    "15": [
      "29834.403",
      "29634.704"
    ],
    "19": [
      "29634.751"
    ],
    "21": [
      "29661.751"
    ],
    "22": [
      "29834.704"
    ],
    "25": [
      "29834.751"
    ],
    "52": [
      "141.044408"
    ],
    "504": [
      "160.03502"
    ]
  },
  "workflows": {
    "141.044408": [
      52
    ],
    "160.03502": [
      504
    ],
    "29634.402": [
      13
    ],
    "29634.403": [
      14
    ],
    "29634.404": [
      13
    ],
    "29634.406": [
      13
    ],
    "29634.704": [
      15
    ],
    "29634.751": [
      19
    ],
    "29661.402": [
      13
    ],
    "29661.751": [
      21
    ],
    "29834.402": [
      14
    ],
    "29834.403": [
      15
    ],
    "29834.404": [
      14
    ],
    "29834.704": [
      22
    ],
    "29834.751": [
      25
    ]
  }
}
