{
  "avg": {
    "5": [
      "14040.303",
      "13240.303"
    ],
    "116": [
      "136.72412"
    ],
    "120": [
      "136.8311"
    ]
  },
  "workflows": {
    "13240.303": [
      5
    ],
    "136.72412": [
      116
    ],
    "136.8311": [
      120
    ],
    "14040.303": [
      5
    ]
  }
}
