{
  "avg": {
    "5": [
      "16440.303",
      "14040.303",
      "13240.303",
      "2024.003001"
    ],
    "61": [
      "101.0"
    ],
    "110": [
      "136.7803"
    ]
  },
  "workflows": {
    "101.0": [
      61
    ],
    "13240.303": [
      5
    ],
    "136.7803": [
      110
    ],
    "14040.303": [
      5
    ],
    "16440.303": [
      5
    ],
    "2024.003001": [
      5
    ]
  }
}
