{
  "avg": {
    "5": [
      "16440.303",
      "13240.303",
      "2024.203001",
      "14040.303"
    ]
  },
  "workflows": {
    "13240.303": [
      5
    ],
    "14040.303": [
      5
    ],
    "16440.303": [
      5
    ],
    "2024.203001": [
      5
    ]
  }
}
