{
  "avg": {
    "5": [
      "13240.303",
      "14040.303"
    ],
    "153": [
      "144.6"
    ],
    "160": [
      "136.76111"
    ]
  },
  "workflows": {
    "13240.303": [
      5
    ],
    "136.76111": [
      160
    ],
    "14040.303": [
      5
    ],
    "144.6": [
      153
    ]
  }
}
